random_id,participant_id,n
p03mqyeeyqu,seal,112
p0gn130e5rf,parrot,112
p1s0mtu3x9e,p73,112
p2dyqlx4dsa,camel,112
p3zzounw3z0,hyena,112
p5znj4obf4y,2341,112
p5zy6swx4sf,otter,112
p6yyn2ezwzu,rhino,112
p7hbf58nh9b,eagle,112
pa5pn7qds5b,antelope,112
pa783u95vrl,manatee,112
pak081hjc6d,pelican,112
pakjepqn613,falcon,112
pav9bwxjx0o,axolotl,112
pbosng80736,moose,112
pcwz6vqqrdx,Beaver,112
pdmfqcr3fbl,tiger,112
pf7cg35kz9h,koala,112
pfq7dguu82a,dolphin,112
pfyn3o4w2mc,p4,113
pjryf9dtlky,shark,112
pkv2n3fmc16,flamingo,112
pmke2ds5mol,leopard,112
pmojvbh3cac,squirrel,112
pmqlfr9463w,raccoon,112
pp76m724ttl,hedgehog,112
prbsg14se1x,kangaroo,112
prp7u0aoxof,lion,112
prrxk4q3fpj,llama,112
pt0qmzpyrnd,badger,112
pt7kex0zrde,gorilla,112
ptqq78ss4km,trex,112
pu6xjubugx8,gazelle,112
pvozrjf8mh1,Cheetah,112
pybs2e9nmlg,heron,112
pydy8zda0s0,jaguar,112
pykwb0apwsj,p6,112
pytul1uadnw,cricket,112
pz0xaadcw6s,panda,112
